disease_name,symptoms
Blight,leaf spots
Rust,orange spots
Wilt,yellowing of leaves
Mosaic,patchy discoloration
Powdery Mildew,white powdery spots on leaves
Downy Mildew,yellow or brown spots on leaves
Leaf Curl,"distorted, curled leaves"
Root Rot,"wilting, yellowing, and stunted growth"
Anthracnose,"dark, sunken lesions on stems and fruits"
Bacterial Blight,water-soaked spots on leaves
Canker,"sunken, dead areas on stems and branches"
Fusarium Wilt,"yellowing of lower leaves, wilting"
Verticillium Wilt,"yellowing of leaves, wilting"
Mosaic Virus,patchy discoloration on leaves
Bacterial Spot,"small, water-soaked spots on leaves and fruits"